<?xml version="1.0" encoding="UTF-8"?>
<beans xmlns="http://www.springframework.org/schema/beans"
	xmlns:aop="http://www.springframework.org/schema/aop" 
	xmlns:jee="http://www.springframework.org/schema/jee"  
	xmlns:xsi="http://www.w3.org/2001/XMLSchema-instance" 
	xmlns:p="http://www.springframework.org/schema/p"
	xmlns:tx="http://www.springframework.org/schema/tx"
	xmlns:util="http://www.springframework.org/schema/util"
	xmlns:mvc="http://www.springframework.org/schema/mvc" 
	xmlns:context="http://www.springframework.org/schema/context"
	xsi:schemaLocation="http://www.springframework.org/schema/beans
		http://www.springframework.org/schema/beans/spring-beans-3.0.xsd
		http://www.springframework.org/schema/context
		http://www.springframework.org/schema/context/spring-context-3.0.xsd
        http://www.springframework.org/schema/mvc  
        http://www.springframework.org/schema/mvc/spring-mvc-3.0.xsd
		http://www.springframework.org/schema/aop 
		http://www.springframework.org/schema/aop/spring-aop.xsd
		http://www.springframework.org/schema/jee 
		http://www.springframework.org/schema/jee/spring-jee.xsd
		http://www.springframework.org/schema/tx 
		http://www.springframework.org/schema/tx/spring-tx.xsd
		http://www.springframework.org/schema/util 
		http://www.springframework.org/schema/util/spring-util.xsd">
	
	<context:component-scan base-package="com.tma.controller" />
	<context:component-scan base-package="com.tma.dao" />
	<context:component-scan base-package="com.tma.dao.impl" />
	<context:component-scan base-package="com.tma.entities" />
	<context:component-scan base-package="com.tma.service.impl" />
	<context:component-scan base-package="com.tma.service" />
	<context:component-scan base-package="com.tma.validator" />
	
	<mvc:annotation-driven />
	
	
	<bean id="messageSource"
		class="org.springframework.context.support.ReloadableResourceBundleMessageSource">
		<property name="basenames">
			<list>
				<value>/WEB-INF/resources/messages</value>
			</list>
		</property>
		<property name="defaultEncoding" value="UTF-8" />
	</bean>

	<mvc:interceptors>
		<bean class="org.springframework.web.servlet.i18n.LocaleChangeInterceptor"
			p:paramName="lang" />
	</mvc:interceptors>

	<bean id="localeResolver"
		class="org.springframework.web.servlet.i18n.CookieLocaleResolver">
		<property name="defaultLocale" value="en" />
	</bean>
	
	<context:annotation-config />
	<bean id="dataSource" class="org.apache.commons.dbcp.BasicDataSource"
		destroy-method="close" p:driverClassName="com.mysql.jdbc.Driver"
		p:url="jdbc:mysql://localhost:3306/interviewtrackingassignment" p:username="root"
		p:password="" />

	<bean id="sessionFactory" class="org.springframework.orm.hibernate4.LocalSessionFactoryBean">
		<property name="dataSource" ref="dataSource" />
		<property name="configLocation">
			<value>classpath:hibernate.cfg.xml</value>
		</property>
		<property name="hibernateProperties">
			<props>
				<prop key="hibernate.dialect">org.hibernate.dialect.MySQLDialect</prop>
				<prop key="hibernate.show_sql">true</prop>
			</props>
		</property>
	</bean>

	<tx:annotation-driven />

	<bean id="transactionManager"
		class="org.springframework.orm.hibernate4.HibernateTransactionManager">
		<property name="dataSource" ref="dataSource" />
		<property name="sessionFactory" ref="sessionFactory" />
	</bean>

	<!-- Most controllers will use the ControllerClassNameHandlerMapping above, 
		but for the index controller we are using ParameterizableViewController, 
		so we must define an explicit mapping for it. -->
	<bean id="urlMapping"
		class="org.springframework.web.servlet.handler.SimpleUrlHandlerMapping">
		<property name="mappings">
			<props>
				<prop key="index.html">indexController</prop>
			</props>
		</property>
	</bean>

	<bean id="viewResolver"
		class="org.springframework.web.servlet.view.InternalResourceViewResolver"
		p:prefix="/WEB-INF/jsp/" p:suffix=".jsp" />

	<!-- The index controller. -->
	<bean name="indexController"
		class="org.springframework.web.servlet.mvc.ParameterizableViewController"
		p:viewName="index" />

</beans>
